{
    "screen_width": 1920,
    "screen_height": 1080,
    "fullscreen": true,
    "sound_volume": 0.10000000000000003,
    "music_volume": 0.30000000000000004
}