{
    "screen_width": 1280,
    "screen_height": 720,
    "fullscreen": false,
    "sound_volume": 0.10000000000000003,
    "music_volume": 0.30000000000000004
}
